100000,200000000,1001,ATATYA,DRTDD,YYUYJGBB,CustomerStreet1,CustomerStreet2,Ccity,Cstate,34783,7483736495,67348343,GC,2398092,2.03,587657867,76669900,7878,4576,6867443
100001,200000001,1001,ATATYA,DRTDD,YYUYJGBB,CustomerStreet1,CustomerStreet2,Ccity,Cstate,34783,7483736496,67348343,GC,2398092,2.03,587657867,76669900,7878,4576,6867443
100002,200000002,1001,ATATYA,DRTDD,YYUYJGBB,CustomerStreet1,CustomerStreet2,Ccity,Cstate,34783,7483736497,67348343,GC,2398092,2.03,587657867,76669900,7878,4576,6867443
100003,200000003,1001,ATATYA,DRTDD,YYUYJGBB,CustomerStreet1,CustomerStreet2,Ccity,Cstate,34783,7483736498,67348343,GC,2398092,2.03,587657867,76669900,7878,4576,6867443
100004,200000004,1001,ATATYA,DRTDD,YYUYJGBB,CustomerStreet1,CustomerStreet2,Ccity,Cstate,34783,7483736499,67348343,GC,2398092,2.03,587657867,76669900,7878,4576,6867443
100005,200000005,1001,ATATYA,DRTDD,YYUYJGBB,CustomerStreet1,CustomerStreet2,Ccity,Cstate,34783,7483736500,67348343,GC,2398092,2.03,587657867,76669900,7878,4576,6867443
100006,200000006,1001,ATATYA,DRTDD,YYUYJGBB,CustomerStreet1,CustomerStreet2,Ccity,Cstate,34783,7483736501,67348343,GC,2398092,2.03,587657867,76669900,7878,4576,6867443
100007,200000007,1001,ATATYA,DRTDD,YYUYJGBB,CustomerStreet1,CustomerStreet2,Ccity,Cstate,34783,7483736502,67348343,GC,2398092,2.03,587657867,76669900,7878,4576,6867443
100008,200000008,1001,ATATYA,DRTDD,YYUYJGBB,CustomerStreet1,CustomerStreet2,Ccity,Cstate,34783,7483736503,67348343,GC,2398092,2.03,587657867,76669900,7878,4576,6867443
100009,200000009,1001,ATATYA,DRTDD,YYUYJGBB,CustomerStreet1,CustomerStreet2,Ccity,Cstate,34783,7483736504,67348343,GC,2398092,2.03,587657867,76669900,7878,4576,6867443
100010,200000010,1001,ATATYA,DRTDD,YYUYJGBB,CustomerStreet1,CustomerStreet2,Ccity,Cstate,34783,7483736505,67348343,GC,2398092,2.03,587657867,76669900,7878,4576,6867443
100011,200000011,1001,ATATYA,DRTDD,YYUYJGBB,CustomerStreet1,CustomerStreet2,Ccity,Cstate,34783,7483736506,67348343,GC,2398092,2.03,587657867,76669900,7878,4576,6867443
100012,200000012,1001,ATATYA,DRTDD,YYUYJGBB,CustomerStreet1,CustomerStreet2,Ccity,Cstate,34783,7483736507,67348343,GC,2398092,2.03,587657867,76669900,7878,4576,6867443
100013,200000013,1001,ATATYA,DRTDD,YYUYJGBB,CustomerStreet1,CustomerStreet2,Ccity,Cstate,34783,7483736508,67348343,GC,2398092,2.03,587657867,76669900,7878,4576,6867443
100014,200000014,1001,ATATYA,DRTDD,YYUYJGBB,CustomerStreet1,CustomerStreet2,Ccity,Cstate,34783,7483736509,67348343,GC,2398092,2.03,587657867,76669900,7878,4576,6867443
100015,200000015,1001,ATATYA,DRTDD,YYUYJGBB,CustomerStreet1,CustomerStreet2,Ccity,Cstate,34783,7483736510,67348343,GC,2398092,2.03,587657867,76669900,7878,4576,6867443
100016,200000016,1001,ATATYA,DRTDD,YYUYJGBB,CustomerStreet1,CustomerStreet2,Ccity,Cstate,34783,7483736511,67348343,GC,2398092,2.03,587657867,76669900,7878,4576,6867443
100017,200000017,1001,ATATYA,DRTDD,YYUYJGBB,CustomerStreet1,CustomerStreet2,Ccity,Cstate,34783,7483736512,67348343,GC,2398092,2.03,587657867,76669900,7878,4576,6867443
100018,200000018,1001,ATATYA,DRTDD,YYUYJGBB,CustomerStreet1,CustomerStreet2,Ccity,Cstate,34783,7483736513,67348343,GC,2398092,2.03,587657867,76669900,7878,4576,6867443
100019,200000019,1001,ATATYA,DRTDD,YYUYJGBB,CustomerStreet1,CustomerStreet2,Ccity,Cstate,34783,7483736514,67348343,GC,2398092,2.03,587657867,76669900,7878,4576,6867443
100020,200000020,1001,ATATYA,DRTDD,YYUYJGBB,CustomerStreet1,CustomerStreet2,Ccity,Cstate,34783,7483736515,67348343,GC,2398092,2.03,587657867,76669900,7878,4576,6867443
100021,200000021,1001,ATATYA,DRTDD,YYUYJGBB,CustomerStreet1,CustomerStreet2,Ccity,Cstate,34783,7483736516,67348343,GC,2398092,2.03,587657867,76669900,7878,4576,6867443
100022,200000022,1001,ATATYA,DRTDD,YYUYJGBB,CustomerStreet1,CustomerStreet2,Ccity,Cstate,34783,7483736517,67348343,GC,2398092,2.03,587657867,76669900,7878,4576,6867443
100023,200000023,1001,ATATYA,DRTDD,YYUYJGBB,CustomerStreet1,CustomerStreet2,Ccity,Cstate,34783,7483736518,67348343,GC,2398092,2.03,587657867,76669900,7878,4576,6867443
100024,200000024,1001,ATATYA,DRTDD,YYUYJGBB,CustomerStreet1,CustomerStreet2,Ccity,Cstate,34783,7483736519,67348343,GC,2398092,2.03,587657867,76669900,7878,4576,6867443
100025,200000025,1001,ATATYA,DRTDD,YYUYJGBB,CustomerStreet1,CustomerStreet2,Ccity,Cstate,34783,7483736520,67348343,GC,2398092,2.03,587657867,76669900,7878,4576,6867443
100026,200000026,1001,ATATYA,DRTDD,YYUYJGBB,CustomerStreet1,CustomerStreet2,Ccity,Cstate,34783,7483736521,67348343,GC,2398092,2.03,587657867,76669900,7878,4576,6867443
100027,200000027,1001,ATATYA,DRTDD,YYUYJGBB,CustomerStreet1,CustomerStreet2,Ccity,Cstate,34783,7483736522,67348343,GC,2398092,2.03,587657867,76669900,7878,4576,6867443
100028,200000028,1001,ATATYA,DRTDD,YYUYJGBB,CustomerStreet1,CustomerStreet2,Ccity,Cstate,34783,7483736523,67348343,GC,2398092,2.03,587657867,76669900,7878,4576,6867443
100029,200000029,1001,ATATYA,DRTDD,YYUYJGBB,CustomerStreet1,CustomerStreet2,Ccity,Cstate,34783,7483736524,67348343,GC,2398092,2.03,587657867,76669900,7878,4576,6867443
100030,200000030,1001,ATATYA,DRTDD,YYUYJGBB,CustomerStreet1,CustomerStreet2,Ccity,Cstate,34783,7483736525,67348343,GC,2398092,2.03,587657867,76669900,7878,4576,6867443
100031,200000031,1001,ATATYA,DRTDD,YYUYJGBB,CustomerStreet1,CustomerStreet2,Ccity,Cstate,34783,7483736526,67348343,GC,2398092,2.03,587657867,76669900,7878,4576,6867443
100032,200000032,1001,ATATYA,DRTDD,YYUYJGBB,CustomerStreet1,CustomerStreet2,Ccity,Cstate,34783,7483736527,67348343,GC,2398092,2.03,587657867,76669900,7878,4576,6867443
100033,200000033,1001,ATATYA,DRTDD,YYUYJGBB,CustomerStreet1,CustomerStreet2,Ccity,Cstate,34783,7483736528,67348343,GC,2398092,2.03,587657867,76669900,7878,4576,6867443
100034,200000034,1001,ATATYA,DRTDD,YYUYJGBB,CustomerStreet1,CustomerStreet2,Ccity,Cstate,34783,7483736529,67348343,GC,2398092,2.03,587657867,76669900,7878,4576,6867443
100035,200000035,1001,ATATYA,DRTDD,YYUYJGBB,CustomerStreet1,CustomerStreet2,Ccity,Cstate,34783,7483736530,67348343,GC,2398092,2.03,587657867,76669900,7878,4576,6867443
100036,200000036,1001,ATATYA,DRTDD,YYUYJGBB,CustomerStreet1,CustomerStreet2,Ccity,Cstate,34783,7483736531,67348343,GC,2398092,2.03,587657867,76669900,7878,4576,6867443
100037,200000037,1001,ATATYA,DRTDD,YYUYJGBB,CustomerStreet1,CustomerStreet2,Ccity,Cstate,34783,7483736532,67348343,GC,2398092,2.03,587657867,76669900,7878,4576,6867443
100038,200000038,1001,ATATYA,DRTDD,YYUYJGBB,CustomerStreet1,CustomerStreet2,Ccity,Cstate,34783,7483736533,67348343,GC,2398092,2.03,587657867,76669900,7878,4576,6867443
100039,200000039,1001,ATATYA,DRTDD,YYUYJGBB,CustomerStreet1,CustomerStreet2,Ccity,Cstate,34783,7483736534,67348343,GC,2398092,2.03,587657867,76669900,7878,4576,6867443
100040,200000040,1001,ATATYA,DRTDD,YYUYJGBB,CustomerStreet1,CustomerStreet2,Ccity,Cstate,34783,7483736535,67348343,GC,2398092,2.03,587657867,76669900,7878,4576,6867443
100041,200000041,1001,ATATYA,DRTDD,YYUYJGBB,CustomerStreet1,CustomerStreet2,Ccity,Cstate,34783,7483736536,67348343,GC,2398092,2.03,587657867,76669900,7878,4576,6867443
100042,200000042,1001,ATATYA,DRTDD,YYUYJGBB,CustomerStreet1,CustomerStreet2,Ccity,Cstate,34783,7483736537,67348343,GC,2398092,2.03,587657867,76669900,7878,4576,6867443
100043,200000043,1001,ATATYA,DRTDD,YYUYJGBB,CustomerStreet1,CustomerStreet2,Ccity,Cstate,34783,7483736538,67348343,GC,2398092,2.03,587657867,76669900,7878,4576,6867443
100044,200000044,1001,ATATYA,DRTDD,YYUYJGBB,CustomerStreet1,CustomerStreet2,Ccity,Cstate,34783,7483736539,67348343,GC,2398092,2.03,587657867,76669900,7878,4576,6867443
100045,200000045,1001,ATATYA,DRTDD,YYUYJGBB,CustomerStreet1,CustomerStreet2,Ccity,Cstate,34783,7483736540,67348343,GC,2398092,2.03,587657867,76669900,7878,4576,6867443
100046,200000046,1001,ATATYA,DRTDD,YYUYJGBB,CustomerStreet1,CustomerStreet2,Ccity,Cstate,34783,7483736541,67348343,GC,2398092,2.03,587657867,76669900,7878,4576,6867443
100047,200000047,1001,ATATYA,DRTDD,YYUYJGBB,CustomerStreet1,CustomerStreet2,Ccity,Cstate,34783,7483736542,67348343,GC,2398092,2.03,587657867,76669900,7878,4576,6867443
100048,200000048,1001,ATATYA,DRTDD,YYUYJGBB,CustomerStreet1,CustomerStreet2,Ccity,Cstate,34783,7483736543,67348343,GC,2398092,2.03,587657867,76669900,7878,4576,6867443
100049,200000049,1001,ATATYA,DRTDD,YYUYJGBB,CustomerStreet1,CustomerStreet2,Ccity,Cstate,34783,7483736544,67348343,GC,2398092,2.03,587657867,76669900,7878,4576,6867443
100050,200000050,1001,ATATYA,DRTDD,YYUYJGBB,CustomerStreet1,CustomerStreet2,Ccity,Cstate,34783,7483736545,67348343,GC,2398092,2.03,587657867,76669900,7878,4576,6867443
100051,200000051,1001,ATATYA,DRTDD,YYUYJGBB,CustomerStreet1,CustomerStreet2,Ccity,Cstate,34783,7483736546,67348343,GC,2398092,2.03,587657867,76669900,7878,4576,6867443
100052,200000052,1001,ATATYA,DRTDD,YYUYJGBB,CustomerStreet1,CustomerStreet2,Ccity,Cstate,34783,7483736547,67348343,GC,2398092,2.03,587657867,76669900,7878,4576,6867443
100053,200000053,1001,ATATYA,DRTDD,YYUYJGBB,CustomerStreet1,CustomerStreet2,Ccity,Cstate,34783,7483736548,67348343,GC,2398092,2.03,587657867,76669900,7878,4576,6867443
100054,200000054,1001,ATATYA,DRTDD,YYUYJGBB,CustomerStreet1,CustomerStreet2,Ccity,Cstate,34783,7483736549,67348343,GC,2398092,2.03,587657867,76669900,7878,4576,6867443
100055,200000055,1001,ATATYA,DRTDD,YYUYJGBB,CustomerStreet1,CustomerStreet2,Ccity,Cstate,34783,7483736550,67348343,GC,2398092,2.03,587657867,76669900,7878,4576,6867443
100056,200000056,1001,ATATYA,DRTDD,YYUYJGBB,CustomerStreet1,CustomerStreet2,Ccity,Cstate,34783,7483736551,67348343,GC,2398092,2.03,587657867,76669900,7878,4576,6867443
100057,200000057,1001,ATATYA,DRTDD,YYUYJGBB,CustomerStreet1,CustomerStreet2,Ccity,Cstate,34783,7483736552,67348343,GC,2398092,2.03,587657867,76669900,7878,4576,6867443
100058,200000058,1001,ATATYA,DRTDD,YYUYJGBB,CustomerStreet1,CustomerStreet2,Ccity,Cstate,34783,7483736553,67348343,GC,2398092,2.03,587657867,76669900,7878,4576,6867443
100059,200000059,1001,ATATYA,DRTDD,YYUYJGBB,CustomerStreet1,CustomerStreet2,Ccity,Cstate,34783,7483736554,67348343,GC,2398092,2.03,587657867,76669900,7878,4576,6867443
100060,200000060,1001,ATATYA,DRTDD,YYUYJGBB,CustomerStreet1,CustomerStreet2,Ccity,Cstate,34783,7483736555,67348343,GC,2398092,2.03,587657867,76669900,7878,4576,6867443
100061,200000061,1001,ATATYA,DRTDD,YYUYJGBB,CustomerStreet1,CustomerStreet2,Ccity,Cstate,34783,7483736556,67348343,GC,2398092,2.03,587657867,76669900,7878,4576,6867443
100062,200000062,1001,ATATYA,DRTDD,YYUYJGBB,CustomerStreet1,CustomerStreet2,Ccity,Cstate,34783,7483736557,67348343,GC,2398092,2.03,587657867,76669900,7878,4576,6867443
100063,200000063,1001,ATATYA,DRTDD,YYUYJGBB,CustomerStreet1,CustomerStreet2,Ccity,Cstate,34783,7483736558,67348343,GC,2398092,2.03,587657867,76669900,7878,4576,6867443
100064,200000064,1001,ATATYA,DRTDD,YYUYJGBB,CustomerStreet1,CustomerStreet2,Ccity,Cstate,34783,7483736559,67348343,GC,2398092,2.03,587657867,76669900,7878,4576,6867443
100065,200000065,1001,ATATYA,DRTDD,YYUYJGBB,CustomerStreet1,CustomerStreet2,Ccity,Cstate,34783,7483736560,67348343,GC,2398092,2.03,587657867,76669900,7878,4576,6867443
100066,200000066,1001,ATATYA,DRTDD,YYUYJGBB,CustomerStreet1,CustomerStreet2,Ccity,Cstate,34783,7483736561,67348343,GC,2398092,2.03,587657867,76669900,7878,4576,6867443
100067,200000067,1001,ATATYA,DRTDD,YYUYJGBB,CustomerStreet1,CustomerStreet2,Ccity,Cstate,34783,7483736562,67348343,GC,2398092,2.03,587657867,76669900,7878,4576,6867443
100068,200000068,1001,ATATYA,DRTDD,YYUYJGBB,CustomerStreet1,CustomerStreet2,Ccity,Cstate,34783,7483736563,67348343,GC,2398092,2.03,587657867,76669900,7878,4576,6867443
100069,200000069,1001,ATATYA,DRTDD,YYUYJGBB,CustomerStreet1,CustomerStreet2,Ccity,Cstate,34783,7483736564,67348343,GC,2398092,2.03,587657867,76669900,7878,4576,6867443
100070,200000070,1001,ATATYA,DRTDD,YYUYJGBB,CustomerStreet1,CustomerStreet2,Ccity,Cstate,34783,7483736565,67348343,GC,2398092,2.03,587657867,76669900,7878,4576,6867443
100071,200000071,1001,ATATYA,DRTDD,YYUYJGBB,CustomerStreet1,CustomerStreet2,Ccity,Cstate,34783,7483736566,67348343,GC,2398092,2.03,587657867,76669900,7878,4576,6867443
100072,200000072,1001,ATATYA,DRTDD,YYUYJGBB,CustomerStreet1,CustomerStreet2,Ccity,Cstate,34783,7483736567,67348343,GC,2398092,2.03,587657867,76669900,7878,4576,6867443
100073,200000073,1001,ATATYA,DRTDD,YYUYJGBB,CustomerStreet1,CustomerStreet2,Ccity,Cstate,34783,7483736568,67348343,GC,2398092,2.03,587657867,76669900,7878,4576,6867443
100074,200000074,1001,ATATYA,DRTDD,YYUYJGBB,CustomerStreet1,CustomerStreet2,Ccity,Cstate,34783,7483736569,67348343,GC,2398092,2.03,587657867,76669900,7878,4576,6867443
100075,200000075,1001,ATATYA,DRTDD,YYUYJGBB,CustomerStreet1,CustomerStreet2,Ccity,Cstate,34783,7483736570,67348343,GC,2398092,2.03,587657867,76669900,7878,4576,6867443
100076,200000076,1001,ATATYA,DRTDD,YYUYJGBB,CustomerStreet1,CustomerStreet2,Ccity,Cstate,34783,7483736571,67348343,GC,2398092,2.03,587657867,76669900,7878,4576,6867443
100077,200000077,1001,ATATYA,DRTDD,YYUYJGBB,CustomerStreet1,CustomerStreet2,Ccity,Cstate,34783,7483736572,67348343,GC,2398092,2.03,587657867,76669900,7878,4576,6867443
100078,200000078,1001,ATATYA,DRTDD,YYUYJGBB,CustomerStreet1,CustomerStreet2,Ccity,Cstate,34783,7483736573,67348343,GC,2398092,2.03,587657867,76669900,7878,4576,6867443
100079,200000079,1001,ATATYA,DRTDD,YYUYJGBB,CustomerStreet1,CustomerStreet2,Ccity,Cstate,34783,7483736574,67348343,GC,2398092,2.03,587657867,76669900,7878,4576,6867443
100080,200000080,1001,ATATYA,DRTDD,YYUYJGBB,CustomerStreet1,CustomerStreet2,Ccity,Cstate,34783,7483736575,67348343,GC,2398092,2.03,587657867,76669900,7878,4576,6867443
100081,200000081,1001,ATATYA,DRTDD,YYUYJGBB,CustomerStreet1,CustomerStreet2,Ccity,Cstate,34783,7483736576,67348343,GC,2398092,2.03,587657867,76669900,7878,4576,6867443
100082,200000082,1001,ATATYA,DRTDD,YYUYJGBB,CustomerStreet1,CustomerStreet2,Ccity,Cstate,34783,7483736577,67348343,GC,2398092,2.03,587657867,76669900,7878,4576,6867443
100083,200000083,1001,ATATYA,DRTDD,YYUYJGBB,CustomerStreet1,CustomerStreet2,Ccity,Cstate,34783,7483736578,67348343,GC,2398092,2.03,587657867,76669900,7878,4576,6867443
100084,200000084,1001,ATATYA,DRTDD,YYUYJGBB,CustomerStreet1,CustomerStreet2,Ccity,Cstate,34783,7483736579,67348343,GC,2398092,2.03,587657867,76669900,7878,4576,6867443
100085,200000085,1001,ATATYA,DRTDD,YYUYJGBB,CustomerStreet1,CustomerStreet2,Ccity,Cstate,34783,7483736580,67348343,GC,2398092,2.03,587657867,76669900,7878,4576,6867443
100086,200000086,1001,ATATYA,DRTDD,YYUYJGBB,CustomerStreet1,CustomerStreet2,Ccity,Cstate,34783,7483736581,67348343,GC,2398092,2.03,587657867,76669900,7878,4576,6867443
100087,200000087,1001,ATATYA,DRTDD,YYUYJGBB,CustomerStreet1,CustomerStreet2,Ccity,Cstate,34783,7483736582,67348343,GC,2398092,2.03,587657867,76669900,7878,4576,6867443
100088,200000088,1001,ATATYA,DRTDD,YYUYJGBB,CustomerStreet1,CustomerStreet2,Ccity,Cstate,34783,7483736583,67348343,GC,2398092,2.03,587657867,76669900,7878,4576,6867443
100089,200000089,1001,ATATYA,DRTDD,YYUYJGBB,CustomerStreet1,CustomerStreet2,Ccity,Cstate,34783,7483736584,67348343,GC,2398092,2.03,587657867,76669900,7878,4576,6867443
100090,200000090,1001,ATATYA,DRTDD,YYUYJGBB,CustomerStreet1,CustomerStreet2,Ccity,Cstate,34783,7483736585,67348343,GC,2398092,2.03,587657867,76669900,7878,4576,6867443
100091,200000091,1001,ATATYA,DRTDD,YYUYJGBB,CustomerStreet1,CustomerStreet2,Ccity,Cstate,34783,7483736586,67348343,GC,2398092,2.03,587657867,76669900,7878,4576,6867443
100092,200000092,1001,ATATYA,DRTDD,YYUYJGBB,CustomerStreet1,CustomerStreet2,Ccity,Cstate,34783,7483736587,67348343,GC,2398092,2.03,587657867,76669900,7878,4576,6867443
100093,200000093,1001,ATATYA,DRTDD,YYUYJGBB,CustomerStreet1,CustomerStreet2,Ccity,Cstate,34783,7483736588,67348343,GC,2398092,2.03,587657867,76669900,7878,4576,6867443
100094,200000094,1001,ATATYA,DRTDD,YYUYJGBB,CustomerStreet1,CustomerStreet2,Ccity,Cstate,34783,7483736589,67348343,GC,2398092,2.03,587657867,76669900,7878,4576,6867443
100095,200000095,1001,ATATYA,DRTDD,YYUYJGBB,CustomerStreet1,CustomerStreet2,Ccity,Cstate,34783,7483736590,67348343,GC,2398092,2.03,587657867,76669900,7878,4576,6867443
100096,200000096,1001,ATATYA,DRTDD,YYUYJGBB,CustomerStreet1,CustomerStreet2,Ccity,Cstate,34783,7483736591,67348343,GC,2398092,2.03,587657867,76669900,7878,4576,6867443
100097,200000097,1001,ATATYA,DRTDD,YYUYJGBB,CustomerStreet1,CustomerStreet2,Ccity,Cstate,34783,7483736592,67348343,GC,2398092,2.03,587657867,76669900,7878,4576,6867443
100098,200000098,1001,ATATYA,DRTDD,YYUYJGBB,CustomerStreet1,CustomerStreet2,Ccity,Cstate,34783,7483736593,67348343,GC,2398092,2.03,587657867,76669900,7878,4576,6867443
100099,200000099,1001,ATATYA,DRTDD,YYUYJGBB,CustomerStreet1,CustomerStreet2,Ccity,Cstate,34783,7483736594,67348343,GC,2398092,2.03,587657867,76669900,7878,4576,6867443
100100,200000100,1001,ATATYA,DRTDD,YYUYJGBB,CustomerStreet1,CustomerStreet2,Ccity,Cstate,34783,7483736595,67348343,GC,2398092,2.03,587657867,76669900,7878,4576,6867443
100101,200000101,1001,ATATYA,DRTDD,YYUYJGBB,CustomerStreet1,CustomerStreet2,Ccity,Cstate,34783,7483736596,67348343,GC,2398092,2.03,587657867,76669900,7878,4576,6867443
100102,200000102,1001,ATATYA,DRTDD,YYUYJGBB,CustomerStreet1,CustomerStreet2,Ccity,Cstate,34783,7483736597,67348343,GC,2398092,2.03,587657867,76669900,7878,4576,6867443
100103,200000103,1001,ATATYA,DRTDD,YYUYJGBB,CustomerStreet1,CustomerStreet2,Ccity,Cstate,34783,7483736598,67348343,GC,2398092,2.03,587657867,76669900,7878,4576,6867443
100104,200000104,1001,ATATYA,DRTDD,YYUYJGBB,CustomerStreet1,CustomerStreet2,Ccity,Cstate,34783,7483736599,67348343,GC,2398092,2.03,587657867,76669900,7878,4576,6867443
100105,200000105,1001,ATATYA,DRTDD,YYUYJGBB,CustomerStreet1,CustomerStreet2,Ccity,Cstate,34783,7483736600,67348343,GC,2398092,2.03,587657867,76669900,7878,4576,6867443
100106,200000106,1001,ATATYA,DRTDD,YYUYJGBB,CustomerStreet1,CustomerStreet2,Ccity,Cstate,34783,7483736601,67348343,GC,2398092,2.03,587657867,76669900,7878,4576,6867443
100107,200000107,1001,ATATYA,DRTDD,YYUYJGBB,CustomerStreet1,CustomerStreet2,Ccity,Cstate,34783,7483736602,67348343,GC,2398092,2.03,587657867,76669900,7878,4576,6867443
100108,200000108,1001,ATATYA,DRTDD,YYUYJGBB,CustomerStreet1,CustomerStreet2,Ccity,Cstate,34783,7483736603,67348343,GC,2398092,2.03,587657867,76669900,7878,4576,6867443
100109,200000109,1001,ATATYA,DRTDD,YYUYJGBB,CustomerStreet1,CustomerStreet2,Ccity,Cstate,34783,7483736604,67348343,GC,2398092,2.03,587657867,76669900,7878,4576,6867443
100110,200000110,1001,ATATYA,DRTDD,YYUYJGBB,CustomerStreet1,CustomerStreet2,Ccity,Cstate,34783,7483736605,67348343,GC,2398092,2.03,587657867,76669900,7878,4576,6867443
100111,200000111,1001,ATATYA,DRTDD,YYUYJGBB,CustomerStreet1,CustomerStreet2,Ccity,Cstate,34783,7483736606,67348343,GC,2398092,2.03,587657867,76669900,7878,4576,6867443
100112,200000112,1001,ATATYA,DRTDD,YYUYJGBB,CustomerStreet1,CustomerStreet2,Ccity,Cstate,34783,7483736607,67348343,GC,2398092,2.03,587657867,76669900,7878,4576,6867443
100113,200000113,1001,ATATYA,DRTDD,YYUYJGBB,CustomerStreet1,CustomerStreet2,Ccity,Cstate,34783,7483736608,67348343,GC,2398092,2.03,587657867,76669900,7878,4576,6867443
100114,200000114,1001,ATATYA,DRTDD,YYUYJGBB,CustomerStreet1,CustomerStreet2,Ccity,Cstate,34783,7483736609,67348343,GC,2398092,2.03,587657867,76669900,7878,4576,6867443
100115,200000115,1001,ATATYA,DRTDD,YYUYJGBB,CustomerStreet1,CustomerStreet2,Ccity,Cstate,34783,7483736610,67348343,GC,2398092,2.03,587657867,76669900,7878,4576,6867443
100116,200000116,1001,ATATYA,DRTDD,YYUYJGBB,CustomerStreet1,CustomerStreet2,Ccity,Cstate,34783,7483736611,67348343,GC,2398092,2.03,587657867,76669900,7878,4576,6867443
100117,200000117,1001,ATATYA,DRTDD,YYUYJGBB,CustomerStreet1,CustomerStreet2,Ccity,Cstate,34783,7483736612,67348343,GC,2398092,2.03,587657867,76669900,7878,4576,6867443
100118,200000118,1001,ATATYA,DRTDD,YYUYJGBB,CustomerStreet1,CustomerStreet2,Ccity,Cstate,34783,7483736613,67348343,GC,2398092,2.03,587657867,76669900,7878,4576,6867443
100119,200000119,1001,ATATYA,DRTDD,YYUYJGBB,CustomerStreet1,CustomerStreet2,Ccity,Cstate,34783,7483736614,67348343,GC,2398092,2.03,587657867,76669900,7878,4576,6867443
100120,200000120,1001,ATATYA,DRTDD,YYUYJGBB,CustomerStreet1,CustomerStreet2,Ccity,Cstate,34783,7483736615,67348343,GC,2398092,2.03,587657867,76669900,7878,4576,6867443
100121,200000121,1001,ATATYA,DRTDD,YYUYJGBB,CustomerStreet1,CustomerStreet2,Ccity,Cstate,34783,7483736616,67348343,GC,2398092,2.03,587657867,76669900,7878,4576,6867443
100122,200000122,1001,ATATYA,DRTDD,YYUYJGBB,CustomerStreet1,CustomerStreet2,Ccity,Cstate,34783,7483736617,67348343,GC,2398092,2.03,587657867,76669900,7878,4576,6867443
100123,200000123,1001,ATATYA,DRTDD,YYUYJGBB,CustomerStreet1,CustomerStreet2,Ccity,Cstate,34783,7483736618,67348343,GC,2398092,2.03,587657867,76669900,7878,4576,6867443
100124,200000124,1001,ATATYA,DRTDD,YYUYJGBB,CustomerStreet1,CustomerStreet2,Ccity,Cstate,34783,7483736619,67348343,GC,2398092,2.03,587657867,76669900,7878,4576,6867443
100125,200000125,1001,ATATYA,DRTDD,YYUYJGBB,CustomerStreet1,CustomerStreet2,Ccity,Cstate,34783,7483736620,67348343,GC,2398092,2.03,587657867,76669900,7878,4576,6867443
100126,200000126,1001,ATATYA,DRTDD,YYUYJGBB,CustomerStreet1,CustomerStreet2,Ccity,Cstate,34783,7483736621,67348343,GC,2398092,2.03,587657867,76669900,7878,4576,6867443
100127,200000127,1001,ATATYA,DRTDD,YYUYJGBB,CustomerStreet1,CustomerStreet2,Ccity,Cstate,34783,7483736622,67348343,GC,2398092,2.03,587657867,76669900,7878,4576,6867443
100128,200000128,1001,ATATYA,DRTDD,YYUYJGBB,CustomerStreet1,CustomerStreet2,Ccity,Cstate,34783,7483736623,67348343,GC,2398092,2.03,587657867,76669900,7878,4576,6867443
100129,200000129,1001,ATATYA,DRTDD,YYUYJGBB,CustomerStreet1,CustomerStreet2,Ccity,Cstate,34783,7483736624,67348343,GC,2398092,2.03,587657867,76669900,7878,4576,6867443
100130,200000130,1001,ATATYA,DRTDD,YYUYJGBB,CustomerStreet1,CustomerStreet2,Ccity,Cstate,34783,7483736625,67348343,GC,2398092,2.03,587657867,76669900,7878,4576,6867443
100131,200000131,1001,ATATYA,DRTDD,YYUYJGBB,CustomerStreet1,CustomerStreet2,Ccity,Cstate,34783,7483736626,67348343,GC,2398092,2.03,587657867,76669900,7878,4576,6867443
100132,200000132,1001,ATATYA,DRTDD,YYUYJGBB,CustomerStreet1,CustomerStreet2,Ccity,Cstate,34783,7483736627,67348343,GC,2398092,2.03,587657867,76669900,7878,4576,6867443
100133,200000133,1001,ATATYA,DRTDD,YYUYJGBB,CustomerStreet1,CustomerStreet2,Ccity,Cstate,34783,7483736628,67348343,GC,2398092,2.03,587657867,76669900,7878,4576,6867443
100134,200000134,1001,ATATYA,DRTDD,YYUYJGBB,CustomerStreet1,CustomerStreet2,Ccity,Cstate,34783,7483736629,67348343,GC,2398092,2.03,587657867,76669900,7878,4576,6867443
100135,200000135,1001,ATATYA,DRTDD,YYUYJGBB,CustomerStreet1,CustomerStreet2,Ccity,Cstate,34783,7483736630,67348343,GC,2398092,2.03,587657867,76669900,7878,4576,6867443
100136,200000136,1001,ATATYA,DRTDD,YYUYJGBB,CustomerStreet1,CustomerStreet2,Ccity,Cstate,34783,7483736631,67348343,GC,2398092,2.03,587657867,76669900,7878,4576,6867443
100137,200000137,1001,ATATYA,DRTDD,YYUYJGBB,CustomerStreet1,CustomerStreet2,Ccity,Cstate,34783,7483736632,67348343,GC,2398092,2.03,587657867,76669900,7878,4576,6867443
100138,200000138,1001,ATATYA,DRTDD,YYUYJGBB,CustomerStreet1,CustomerStreet2,Ccity,Cstate,34783,7483736633,67348343,GC,2398092,2.03,587657867,76669900,7878,4576,6867443
100139,200000139,1001,ATATYA,DRTDD,YYUYJGBB,CustomerStreet1,CustomerStreet2,Ccity,Cstate,34783,7483736634,67348343,GC,2398092,2.03,587657867,76669900,7878,4576,6867443
100140,200000140,1001,ATATYA,DRTDD,YYUYJGBB,CustomerStreet1,CustomerStreet2,Ccity,Cstate,34783,7483736635,67348343,GC,2398092,2.03,587657867,76669900,7878,4576,6867443
100141,200000141,1001,ATATYA,DRTDD,YYUYJGBB,CustomerStreet1,CustomerStreet2,Ccity,Cstate,34783,7483736636,67348343,GC,2398092,2.03,587657867,76669900,7878,4576,6867443
100142,200000142,1001,ATATYA,DRTDD,YYUYJGBB,CustomerStreet1,CustomerStreet2,Ccity,Cstate,34783,7483736637,67348343,GC,2398092,2.03,587657867,76669900,7878,4576,6867443
100143,200000143,1001,ATATYA,DRTDD,YYUYJGBB,CustomerStreet1,CustomerStreet2,Ccity,Cstate,34783,7483736638,67348343,GC,2398092,2.03,587657867,76669900,7878,4576,6867443
100144,200000144,1001,ATATYA,DRTDD,YYUYJGBB,CustomerStreet1,CustomerStreet2,Ccity,Cstate,34783,7483736639,67348343,GC,2398092,2.03,587657867,76669900,7878,4576,6867443
100145,200000145,1001,ATATYA,DRTDD,YYUYJGBB,CustomerStreet1,CustomerStreet2,Ccity,Cstate,34783,7483736640,67348343,GC,2398092,2.03,587657867,76669900,7878,4576,6867443
100146,200000146,1001,ATATYA,DRTDD,YYUYJGBB,CustomerStreet1,CustomerStreet2,Ccity,Cstate,34783,7483736641,67348343,GC,2398092,2.03,587657867,76669900,7878,4576,6867443
100147,200000147,1001,ATATYA,DRTDD,YYUYJGBB,CustomerStreet1,CustomerStreet2,Ccity,Cstate,34783,7483736642,67348343,GC,2398092,2.03,587657867,76669900,7878,4576,6867443
100148,200000148,1001,ATATYA,DRTDD,YYUYJGBB,CustomerStreet1,CustomerStreet2,Ccity,Cstate,34783,7483736643,67348343,GC,2398092,2.03,587657867,76669900,7878,4576,6867443
100149,200000149,1001,ATATYA,DRTDD,YYUYJGBB,CustomerStreet1,CustomerStreet2,Ccity,Cstate,34783,7483736644,67348343,GC,2398092,2.03,587657867,76669900,7878,4576,6867443
100150,200000150,1001,ATATYA,DRTDD,YYUYJGBB,CustomerStreet1,CustomerStreet2,Ccity,Cstate,34783,7483736645,67348343,GC,2398092,2.03,587657867,76669900,7878,4576,6867443
100151,200000151,1001,ATATYA,DRTDD,YYUYJGBB,CustomerStreet1,CustomerStreet2,Ccity,Cstate,34783,7483736646,67348343,GC,2398092,2.03,587657867,76669900,7878,4576,6867443
100152,200000152,1001,ATATYA,DRTDD,YYUYJGBB,CustomerStreet1,CustomerStreet2,Ccity,Cstate,34783,7483736647,67348343,GC,2398092,2.03,587657867,76669900,7878,4576,6867443
100153,200000153,1001,ATATYA,DRTDD,YYUYJGBB,CustomerStreet1,CustomerStreet2,Ccity,Cstate,34783,7483736648,67348343,GC,2398092,2.03,587657867,76669900,7878,4576,6867443
100154,200000154,1001,ATATYA,DRTDD,YYUYJGBB,CustomerStreet1,CustomerStreet2,Ccity,Cstate,34783,7483736649,67348343,GC,2398092,2.03,587657867,76669900,7878,4576,6867443
100155,200000155,1001,ATATYA,DRTDD,YYUYJGBB,CustomerStreet1,CustomerStreet2,Ccity,Cstate,34783,7483736650,67348343,GC,2398092,2.03,587657867,76669900,7878,4576,6867443
100156,200000156,1001,ATATYA,DRTDD,YYUYJGBB,CustomerStreet1,CustomerStreet2,Ccity,Cstate,34783,7483736651,67348343,GC,2398092,2.03,587657867,76669900,7878,4576,6867443
100157,200000157,1001,ATATYA,DRTDD,YYUYJGBB,CustomerStreet1,CustomerStreet2,Ccity,Cstate,34783,7483736652,67348343,GC,2398092,2.03,587657867,76669900,7878,4576,6867443
100158,200000158,1001,ATATYA,DRTDD,YYUYJGBB,CustomerStreet1,CustomerStreet2,Ccity,Cstate,34783,7483736653,67348343,GC,2398092,2.03,587657867,76669900,7878,4576,6867443
100159,200000159,1001,ATATYA,DRTDD,YYUYJGBB,CustomerStreet1,CustomerStreet2,Ccity,Cstate,34783,7483736654,67348343,GC,2398092,2.03,587657867,76669900,7878,4576,6867443
100160,200000160,1001,ATATYA,DRTDD,YYUYJGBB,CustomerStreet1,CustomerStreet2,Ccity,Cstate,34783,7483736655,67348343,GC,2398092,2.03,587657867,76669900,7878,4576,6867443
100161,200000161,1001,ATATYA,DRTDD,YYUYJGBB,CustomerStreet1,CustomerStreet2,Ccity,Cstate,34783,7483736656,67348343,GC,2398092,2.03,587657867,76669900,7878,4576,6867443
100162,200000162,1001,ATATYA,DRTDD,YYUYJGBB,CustomerStreet1,CustomerStreet2,Ccity,Cstate,34783,7483736657,67348343,GC,2398092,2.03,587657867,76669900,7878,4576,6867443
100163,200000163,1001,ATATYA,DRTDD,YYUYJGBB,CustomerStreet1,CustomerStreet2,Ccity,Cstate,34783,7483736658,67348343,GC,2398092,2.03,587657867,76669900,7878,4576,6867443
100164,200000164,1001,ATATYA,DRTDD,YYUYJGBB,CustomerStreet1,CustomerStreet2,Ccity,Cstate,34783,7483736659,67348343,GC,2398092,2.03,587657867,76669900,7878,4576,6867443
100165,200000165,1001,ATATYA,DRTDD,YYUYJGBB,CustomerStreet1,CustomerStreet2,Ccity,Cstate,34783,7483736660,67348343,GC,2398092,2.03,587657867,76669900,7878,4576,6867443
100166,200000166,1001,ATATYA,DRTDD,YYUYJGBB,CustomerStreet1,CustomerStreet2,Ccity,Cstate,34783,7483736661,67348343,GC,2398092,2.03,587657867,76669900,7878,4576,6867443
100167,200000167,1001,ATATYA,DRTDD,YYUYJGBB,CustomerStreet1,CustomerStreet2,Ccity,Cstate,34783,7483736662,67348343,GC,2398092,2.03,587657867,76669900,7878,4576,6867443
100168,200000168,1001,ATATYA,DRTDD,YYUYJGBB,CustomerStreet1,CustomerStreet2,Ccity,Cstate,34783,7483736663,67348343,GC,2398092,2.03,587657867,76669900,7878,4576,6867443
100169,200000169,1001,ATATYA,DRTDD,YYUYJGBB,CustomerStreet1,CustomerStreet2,Ccity,Cstate,34783,7483736664,67348343,GC,2398092,2.03,587657867,76669900,7878,4576,6867443
100170,200000170,1001,ATATYA,DRTDD,YYUYJGBB,CustomerStreet1,CustomerStreet2,Ccity,Cstate,34783,7483736665,67348343,GC,2398092,2.03,587657867,76669900,7878,4576,6867443
100171,200000171,1001,ATATYA,DRTDD,YYUYJGBB,CustomerStreet1,CustomerStreet2,Ccity,Cstate,34783,7483736666,67348343,GC,2398092,2.03,587657867,76669900,7878,4576,6867443
100172,200000172,1001,ATATYA,DRTDD,YYUYJGBB,CustomerStreet1,CustomerStreet2,Ccity,Cstate,34783,7483736667,67348343,GC,2398092,2.03,587657867,76669900,7878,4576,6867443
100173,200000173,1001,ATATYA,DRTDD,YYUYJGBB,CustomerStreet1,CustomerStreet2,Ccity,Cstate,34783,7483736668,67348343,GC,2398092,2.03,587657867,76669900,7878,4576,6867443
100174,200000174,1001,ATATYA,DRTDD,YYUYJGBB,CustomerStreet1,CustomerStreet2,Ccity,Cstate,34783,7483736669,67348343,GC,2398092,2.03,587657867,76669900,7878,4576,6867443
100175,200000175,1001,ATATYA,DRTDD,YYUYJGBB,CustomerStreet1,CustomerStreet2,Ccity,Cstate,34783,7483736670,67348343,GC,2398092,2.03,587657867,76669900,7878,4576,6867443
100176,200000176,1001,ATATYA,DRTDD,YYUYJGBB,CustomerStreet1,CustomerStreet2,Ccity,Cstate,34783,7483736671,67348343,GC,2398092,2.03,587657867,76669900,7878,4576,6867443
100177,200000177,1001,ATATYA,DRTDD,YYUYJGBB,CustomerStreet1,CustomerStreet2,Ccity,Cstate,34783,7483736672,67348343,GC,2398092,2.03,587657867,76669900,7878,4576,6867443
100178,200000178,1001,ATATYA,DRTDD,YYUYJGBB,CustomerStreet1,CustomerStreet2,Ccity,Cstate,34783,7483736673,67348343,GC,2398092,2.03,587657867,76669900,7878,4576,6867443
100179,200000179,1001,ATATYA,DRTDD,YYUYJGBB,CustomerStreet1,CustomerStreet2,Ccity,Cstate,34783,7483736674,67348343,GC,2398092,2.03,587657867,76669900,7878,4576,6867443
100180,200000180,1001,ATATYA,DRTDD,YYUYJGBB,CustomerStreet1,CustomerStreet2,Ccity,Cstate,34783,7483736675,67348343,GC,2398092,2.03,587657867,76669900,7878,4576,6867443
100181,200000181,1001,ATATYA,DRTDD,YYUYJGBB,CustomerStreet1,CustomerStreet2,Ccity,Cstate,34783,7483736676,67348343,GC,2398092,2.03,587657867,76669900,7878,4576,6867443
100182,200000182,1001,ATATYA,DRTDD,YYUYJGBB,CustomerStreet1,CustomerStreet2,Ccity,Cstate,34783,7483736677,67348343,GC,2398092,2.03,587657867,76669900,7878,4576,6867443
100183,200000183,1001,ATATYA,DRTDD,YYUYJGBB,CustomerStreet1,CustomerStreet2,Ccity,Cstate,34783,7483736678,67348343,GC,2398092,2.03,587657867,76669900,7878,4576,6867443
100184,200000184,1001,ATATYA,DRTDD,YYUYJGBB,CustomerStreet1,CustomerStreet2,Ccity,Cstate,34783,7483736679,67348343,GC,2398092,2.03,587657867,76669900,7878,4576,6867443
100185,200000185,1001,ATATYA,DRTDD,YYUYJGBB,CustomerStreet1,CustomerStreet2,Ccity,Cstate,34783,7483736680,67348343,GC,2398092,2.03,587657867,76669900,7878,4576,6867443
100186,200000186,1001,ATATYA,DRTDD,YYUYJGBB,CustomerStreet1,CustomerStreet2,Ccity,Cstate,34783,7483736681,67348343,GC,2398092,2.03,587657867,76669900,7878,4576,6867443
100187,200000187,1001,ATATYA,DRTDD,YYUYJGBB,CustomerStreet1,CustomerStreet2,Ccity,Cstate,34783,7483736682,67348343,GC,2398092,2.03,587657867,76669900,7878,4576,6867443
100188,200000188,1001,ATATYA,DRTDD,YYUYJGBB,CustomerStreet1,CustomerStreet2,Ccity,Cstate,34783,7483736683,67348343,GC,2398092,2.03,587657867,76669900,7878,4576,6867443
100189,200000189,1001,ATATYA,DRTDD,YYUYJGBB,CustomerStreet1,CustomerStreet2,Ccity,Cstate,34783,7483736684,67348343,GC,2398092,2.03,587657867,76669900,7878,4576,6867443
100190,200000190,1001,ATATYA,DRTDD,YYUYJGBB,CustomerStreet1,CustomerStreet2,Ccity,Cstate,34783,7483736685,67348343,GC,2398092,2.03,587657867,76669900,7878,4576,6867443
100191,200000191,1001,ATATYA,DRTDD,YYUYJGBB,CustomerStreet1,CustomerStreet2,Ccity,Cstate,34783,7483736686,67348343,GC,2398092,2.03,587657867,76669900,7878,4576,6867443
100192,200000192,1001,ATATYA,DRTDD,YYUYJGBB,CustomerStreet1,CustomerStreet2,Ccity,Cstate,34783,7483736687,67348343,GC,2398092,2.03,587657867,76669900,7878,4576,6867443
100193,200000193,1001,ATATYA,DRTDD,YYUYJGBB,CustomerStreet1,CustomerStreet2,Ccity,Cstate,34783,7483736688,67348343,GC,2398092,2.03,587657867,76669900,7878,4576,6867443
100194,200000194,1001,ATATYA,DRTDD,YYUYJGBB,CustomerStreet1,CustomerStreet2,Ccity,Cstate,34783,7483736689,67348343,GC,2398092,2.03,587657867,76669900,7878,4576,6867443
100195,200000195,1001,ATATYA,DRTDD,YYUYJGBB,CustomerStreet1,CustomerStreet2,Ccity,Cstate,34783,7483736690,67348343,GC,2398092,2.03,587657867,76669900,7878,4576,6867443
100196,200000196,1001,ATATYA,DRTDD,YYUYJGBB,CustomerStreet1,CustomerStreet2,Ccity,Cstate,34783,7483736691,67348343,GC,2398092,2.03,587657867,76669900,7878,4576,6867443
100197,200000197,1001,ATATYA,DRTDD,YYUYJGBB,CustomerStreet1,CustomerStreet2,Ccity,Cstate,34783,7483736692,67348343,GC,2398092,2.03,587657867,76669900,7878,4576,6867443
100198,200000198,1001,ATATYA,DRTDD,YYUYJGBB,CustomerStreet1,CustomerStreet2,Ccity,Cstate,34783,7483736693,67348343,GC,2398092,2.03,587657867,76669900,7878,4576,6867443
100199,200000199,1001,ATATYA,DRTDD,YYUYJGBB,CustomerStreet1,CustomerStreet2,Ccity,Cstate,34783,7483736694,67348343,GC,2398092,2.03,587657867,76669900,7878,4576,6867443
100200,200000200,1001,ATATYA,DRTDD,YYUYJGBB,CustomerStreet1,CustomerStreet2,Ccity,Cstate,34783,7483736695,67348343,GC,2398092,2.03,587657867,76669900,7878,4576,6867443
100201,200000201,1001,ATATYA,DRTDD,YYUYJGBB,CustomerStreet1,CustomerStreet2,Ccity,Cstate,34783,7483736696,67348343,GC,2398092,2.03,587657867,76669900,7878,4576,6867443
100202,200000202,1001,ATATYA,DRTDD,YYUYJGBB,CustomerStreet1,CustomerStreet2,Ccity,Cstate,34783,7483736697,67348343,GC,2398092,2.03,587657867,76669900,7878,4576,6867443
100203,200000203,1001,ATATYA,DRTDD,YYUYJGBB,CustomerStreet1,CustomerStreet2,Ccity,Cstate,34783,7483736698,67348343,GC,2398092,2.03,587657867,76669900,7878,4576,6867443
100204,200000204,1001,ATATYA,DRTDD,YYUYJGBB,CustomerStreet1,CustomerStreet2,Ccity,Cstate,34783,7483736699,67348343,GC,2398092,2.03,587657867,76669900,7878,4576,6867443
100205,200000205,1001,ATATYA,DRTDD,YYUYJGBB,CustomerStreet1,CustomerStreet2,Ccity,Cstate,34783,7483736700,67348343,GC,2398092,2.03,587657867,76669900,7878,4576,6867443
100206,200000206,1001,ATATYA,DRTDD,YYUYJGBB,CustomerStreet1,CustomerStreet2,Ccity,Cstate,34783,7483736701,67348343,GC,2398092,2.03,587657867,76669900,7878,4576,6867443
100207,200000207,1001,ATATYA,DRTDD,YYUYJGBB,CustomerStreet1,CustomerStreet2,Ccity,Cstate,34783,7483736702,67348343,GC,2398092,2.03,587657867,76669900,7878,4576,6867443
100208,200000208,1001,ATATYA,DRTDD,YYUYJGBB,CustomerStreet1,CustomerStreet2,Ccity,Cstate,34783,7483736703,67348343,GC,2398092,2.03,587657867,76669900,7878,4576,6867443
100209,200000209,1001,ATATYA,DRTDD,YYUYJGBB,CustomerStreet1,CustomerStreet2,Ccity,Cstate,34783,7483736704,67348343,GC,2398092,2.03,587657867,76669900,7878,4576,6867443
100210,200000210,1001,ATATYA,DRTDD,YYUYJGBB,CustomerStreet1,CustomerStreet2,Ccity,Cstate,34783,7483736705,67348343,GC,2398092,2.03,587657867,76669900,7878,4576,6867443
100211,200000211,1001,ATATYA,DRTDD,YYUYJGBB,CustomerStreet1,CustomerStreet2,Ccity,Cstate,34783,7483736706,67348343,GC,2398092,2.03,587657867,76669900,7878,4576,6867443
100212,200000212,1001,ATATYA,DRTDD,YYUYJGBB,CustomerStreet1,CustomerStreet2,Ccity,Cstate,34783,7483736707,67348343,GC,2398092,2.03,587657867,76669900,7878,4576,6867443
100213,200000213,1001,ATATYA,DRTDD,YYUYJGBB,CustomerStreet1,CustomerStreet2,Ccity,Cstate,34783,7483736708,67348343,GC,2398092,2.03,587657867,76669900,7878,4576,6867443
100214,200000214,1001,ATATYA,DRTDD,YYUYJGBB,CustomerStreet1,CustomerStreet2,Ccity,Cstate,34783,7483736709,67348343,GC,2398092,2.03,587657867,76669900,7878,4576,6867443
100215,200000215,1001,ATATYA,DRTDD,YYUYJGBB,CustomerStreet1,CustomerStreet2,Ccity,Cstate,34783,7483736710,67348343,GC,2398092,2.03,587657867,76669900,7878,4576,6867443
100216,200000216,1001,ATATYA,DRTDD,YYUYJGBB,CustomerStreet1,CustomerStreet2,Ccity,Cstate,34783,7483736711,67348343,GC,2398092,2.03,587657867,76669900,7878,4576,6867443
100217,200000217,1001,ATATYA,DRTDD,YYUYJGBB,CustomerStreet1,CustomerStreet2,Ccity,Cstate,34783,7483736712,67348343,GC,2398092,2.03,587657867,76669900,7878,4576,6867443
100218,200000218,1001,ATATYA,DRTDD,YYUYJGBB,CustomerStreet1,CustomerStreet2,Ccity,Cstate,34783,7483736713,67348343,GC,2398092,2.03,587657867,76669900,7878,4576,6867443
100219,200000219,1001,ATATYA,DRTDD,YYUYJGBB,CustomerStreet1,CustomerStreet2,Ccity,Cstate,34783,7483736714,67348343,GC,2398092,2.03,587657867,76669900,7878,4576,6867443
100220,200000220,1001,ATATYA,DRTDD,YYUYJGBB,CustomerStreet1,CustomerStreet2,Ccity,Cstate,34783,7483736715,67348343,GC,2398092,2.03,587657867,76669900,7878,4576,6867443
100221,200000221,1001,ATATYA,DRTDD,YYUYJGBB,CustomerStreet1,CustomerStreet2,Ccity,Cstate,34783,7483736716,67348343,GC,2398092,2.03,587657867,76669900,7878,4576,6867443
100222,200000222,1001,ATATYA,DRTDD,YYUYJGBB,CustomerStreet1,CustomerStreet2,Ccity,Cstate,34783,7483736717,67348343,GC,2398092,2.03,587657867,76669900,7878,4576,6867443
100223,200000223,1001,ATATYA,DRTDD,YYUYJGBB,CustomerStreet1,CustomerStreet2,Ccity,Cstate,34783,7483736718,67348343,GC,2398092,2.03,587657867,76669900,7878,4576,6867443
100224,200000224,1001,ATATYA,DRTDD,YYUYJGBB,CustomerStreet1,CustomerStreet2,Ccity,Cstate,34783,7483736719,67348343,GC,2398092,2.03,587657867,76669900,7878,4576,6867443
100225,200000225,1001,ATATYA,DRTDD,YYUYJGBB,CustomerStreet1,CustomerStreet2,Ccity,Cstate,34783,7483736720,67348343,GC,2398092,2.03,587657867,76669900,7878,4576,6867443
100226,200000226,1001,ATATYA,DRTDD,YYUYJGBB,CustomerStreet1,CustomerStreet2,Ccity,Cstate,34783,7483736721,67348343,GC,2398092,2.03,587657867,76669900,7878,4576,6867443
100227,200000227,1001,ATATYA,DRTDD,YYUYJGBB,CustomerStreet1,CustomerStreet2,Ccity,Cstate,34783,7483736722,67348343,GC,2398092,2.03,587657867,76669900,7878,4576,6867443
100228,200000228,1001,ATATYA,DRTDD,YYUYJGBB,CustomerStreet1,CustomerStreet2,Ccity,Cstate,34783,7483736723,67348343,GC,2398092,2.03,587657867,76669900,7878,4576,6867443
100229,200000229,1001,ATATYA,DRTDD,YYUYJGBB,CustomerStreet1,CustomerStreet2,Ccity,Cstate,34783,7483736724,67348343,GC,2398092,2.03,587657867,76669900,7878,4576,6867443
100230,200000230,1001,ATATYA,DRTDD,YYUYJGBB,CustomerStreet1,CustomerStreet2,Ccity,Cstate,34783,7483736725,67348343,GC,2398092,2.03,587657867,76669900,7878,4576,6867443
100231,200000231,1001,ATATYA,DRTDD,YYUYJGBB,CustomerStreet1,CustomerStreet2,Ccity,Cstate,34783,7483736726,67348343,GC,2398092,2.03,587657867,76669900,7878,4576,6867443
100232,200000232,1001,ATATYA,DRTDD,YYUYJGBB,CustomerStreet1,CustomerStreet2,Ccity,Cstate,34783,7483736727,67348343,GC,2398092,2.03,587657867,76669900,7878,4576,6867443
100233,200000233,1001,ATATYA,DRTDD,YYUYJGBB,CustomerStreet1,CustomerStreet2,Ccity,Cstate,34783,7483736728,67348343,GC,2398092,2.03,587657867,76669900,7878,4576,6867443
100234,200000234,1001,ATATYA,DRTDD,YYUYJGBB,CustomerStreet1,CustomerStreet2,Ccity,Cstate,34783,7483736729,67348343,GC,2398092,2.03,587657867,76669900,7878,4576,6867443
100235,200000235,1001,ATATYA,DRTDD,YYUYJGBB,CustomerStreet1,CustomerStreet2,Ccity,Cstate,34783,7483736730,67348343,GC,2398092,2.03,587657867,76669900,7878,4576,6867443
100236,200000236,1001,ATATYA,DRTDD,YYUYJGBB,CustomerStreet1,CustomerStreet2,Ccity,Cstate,34783,7483736731,67348343,GC,2398092,2.03,587657867,76669900,7878,4576,6867443
100237,200000237,1001,ATATYA,DRTDD,YYUYJGBB,CustomerStreet1,CustomerStreet2,Ccity,Cstate,34783,7483736732,67348343,GC,2398092,2.03,587657867,76669900,7878,4576,6867443
100238,200000238,1001,ATATYA,DRTDD,YYUYJGBB,CustomerStreet1,CustomerStreet2,Ccity,Cstate,34783,7483736733,67348343,GC,2398092,2.03,587657867,76669900,7878,4576,6867443
100239,200000239,1001,ATATYA,DRTDD,YYUYJGBB,CustomerStreet1,CustomerStreet2,Ccity,Cstate,34783,7483736734,67348343,GC,2398092,2.03,587657867,76669900,7878,4576,6867443
100240,200000240,1001,ATATYA,DRTDD,YYUYJGBB,CustomerStreet1,CustomerStreet2,Ccity,Cstate,34783,7483736735,67348343,GC,2398092,2.03,587657867,76669900,7878,4576,6867443
100241,200000241,1001,ATATYA,DRTDD,YYUYJGBB,CustomerStreet1,CustomerStreet2,Ccity,Cstate,34783,7483736736,67348343,GC,2398092,2.03,587657867,76669900,7878,4576,6867443
100242,200000242,1001,ATATYA,DRTDD,YYUYJGBB,CustomerStreet1,CustomerStreet2,Ccity,Cstate,34783,7483736737,67348343,GC,2398092,2.03,587657867,76669900,7878,4576,6867443
100243,200000243,1001,ATATYA,DRTDD,YYUYJGBB,CustomerStreet1,CustomerStreet2,Ccity,Cstate,34783,7483736738,67348343,GC,2398092,2.03,587657867,76669900,7878,4576,6867443
100244,200000244,1001,ATATYA,DRTDD,YYUYJGBB,CustomerStreet1,CustomerStreet2,Ccity,Cstate,34783,7483736739,67348343,GC,2398092,2.03,587657867,76669900,7878,4576,6867443
100245,200000245,1001,ATATYA,DRTDD,YYUYJGBB,CustomerStreet1,CustomerStreet2,Ccity,Cstate,34783,7483736740,67348343,GC,2398092,2.03,587657867,76669900,7878,4576,6867443
100246,200000246,1001,ATATYA,DRTDD,YYUYJGBB,CustomerStreet1,CustomerStreet2,Ccity,Cstate,34783,7483736741,67348343,GC,2398092,2.03,587657867,76669900,7878,4576,6867443
100247,200000247,1001,ATATYA,DRTDD,YYUYJGBB,CustomerStreet1,CustomerStreet2,Ccity,Cstate,34783,7483736742,67348343,GC,2398092,2.03,587657867,76669900,7878,4576,6867443
100248,200000248,1001,ATATYA,DRTDD,YYUYJGBB,CustomerStreet1,CustomerStreet2,Ccity,Cstate,34783,7483736743,67348343,GC,2398092,2.03,587657867,76669900,7878,4576,6867443
100249,200000249,1001,ATATYA,DRTDD,YYUYJGBB,CustomerStreet1,CustomerStreet2,Ccity,Cstate,34783,7483736744,67348343,GC,2398092,2.03,587657867,76669900,7878,4576,6867443
100250,200000250,1001,ATATYA,DRTDD,YYUYJGBB,CustomerStreet1,CustomerStreet2,Ccity,Cstate,34783,7483736745,67348343,BC,2398092,2.03,587657867,76669900,7878,4576,6867443
100251,200000251,1001,ATATYA,DRTDD,YYUYJGBB,CustomerStreet1,CustomerStreet2,Ccity,Cstate,34783,7483736746,67348343,BC,2398092,2.03,587657867,76669900,7878,4576,6867443
100252,200000252,1001,ATATYA,DRTDD,YYUYJGBB,CustomerStreet1,CustomerStreet2,Ccity,Cstate,34783,7483736747,67348343,BC,2398092,2.03,587657867,76669900,7878,4576,6867443
100253,200000253,1001,ATATYA,DRTDD,YYUYJGBB,CustomerStreet1,CustomerStreet2,Ccity,Cstate,34783,7483736748,67348343,BC,2398092,2.03,587657867,76669900,7878,4576,6867443
100254,200000254,1001,ATATYA,DRTDD,YYUYJGBB,CustomerStreet1,CustomerStreet2,Ccity,Cstate,34783,7483736749,67348343,BC,2398092,2.03,587657867,76669900,7878,4576,6867443
100255,200000255,1001,ATATYA,DRTDD,YYUYJGBB,CustomerStreet1,CustomerStreet2,Ccity,Cstate,34783,7483736750,67348343,BC,2398092,2.03,587657867,76669900,7878,4576,6867443
100256,200000256,1001,ATATYA,DRTDD,YYUYJGBB,CustomerStreet1,CustomerStreet2,Ccity,Cstate,34783,7483736751,67348343,BC,2398092,2.03,587657867,76669900,7878,4576,6867443
100257,200000257,1001,ATATYA,DRTDD,YYUYJGBB,CustomerStreet1,CustomerStreet2,Ccity,Cstate,34783,7483736752,67348343,BC,2398092,2.03,587657867,76669900,7878,4576,6867443
100258,200000258,1001,ATATYA,DRTDD,YYUYJGBB,CustomerStreet1,CustomerStreet2,Ccity,Cstate,34783,7483736753,67348343,BC,2398092,2.03,587657867,76669900,7878,4576,6867443
100259,200000259,1001,ATATYA,DRTDD,YYUYJGBB,CustomerStreet1,CustomerStreet2,Ccity,Cstate,34783,7483736754,67348343,BC,2398092,2.03,587657867,76669900,7878,4576,6867443
100260,200000260,1001,ATATYA,DRTDD,YYUYJGBB,CustomerStreet1,CustomerStreet2,Ccity,Cstate,34783,7483736755,67348343,BC,2398092,2.03,587657867,76669900,7878,4576,6867443
100261,200000261,1001,ATATYA,DRTDD,YYUYJGBB,CustomerStreet1,CustomerStreet2,Ccity,Cstate,34783,7483736756,67348343,BC,2398092,2.03,587657867,76669900,7878,4576,6867443
100262,200000262,1001,ATATYA,DRTDD,YYUYJGBB,CustomerStreet1,CustomerStreet2,Ccity,Cstate,34783,7483736757,67348343,BC,2398092,2.03,587657867,76669900,7878,4576,6867443
100263,200000263,1001,ATATYA,DRTDD,YYUYJGBB,CustomerStreet1,CustomerStreet2,Ccity,Cstate,34783,7483736758,67348343,BC,2398092,2.03,587657867,76669900,7878,4576,6867443
100264,200000264,1001,ATATYA,DRTDD,YYUYJGBB,CustomerStreet1,CustomerStreet2,Ccity,Cstate,34783,7483736759,67348343,BC,2398092,2.03,587657867,76669900,7878,4576,6867443
100265,200000265,1001,ATATYA,DRTDD,YYUYJGBB,CustomerStreet1,CustomerStreet2,Ccity,Cstate,34783,7483736760,67348343,BC,2398092,2.03,587657867,76669900,7878,4576,6867443
100266,200000266,1001,ATATYA,DRTDD,YYUYJGBB,CustomerStreet1,CustomerStreet2,Ccity,Cstate,34783,7483736761,67348343,BC,2398092,2.03,587657867,76669900,7878,4576,6867443
100267,200000267,1001,ATATYA,DRTDD,YYUYJGBB,CustomerStreet1,CustomerStreet2,Ccity,Cstate,34783,7483736762,67348343,BC,2398092,2.03,587657867,76669900,7878,4576,6867443
100268,200000268,1001,ATATYA,DRTDD,YYUYJGBB,CustomerStreet1,CustomerStreet2,Ccity,Cstate,34783,7483736763,67348343,BC,2398092,2.03,587657867,76669900,7878,4576,6867443
100269,200000269,1001,ATATYA,DRTDD,YYUYJGBB,CustomerStreet1,CustomerStreet2,Ccity,Cstate,34783,7483736764,67348343,BC,2398092,2.03,587657867,76669900,7878,4576,6867443
100270,200000270,1001,ATATYA,DRTDD,YYUYJGBB,CustomerStreet1,CustomerStreet2,Ccity,Cstate,34783,7483736765,67348343,BC,2398092,2.03,587657867,76669900,7878,4576,6867443
100271,200000271,1001,ATATYA,DRTDD,YYUYJGBB,CustomerStreet1,CustomerStreet2,Ccity,Cstate,34783,7483736766,67348343,BC,2398092,2.03,587657867,76669900,7878,4576,6867443
100272,200000272,1001,ATATYA,DRTDD,YYUYJGBB,CustomerStreet1,CustomerStreet2,Ccity,Cstate,34783,7483736767,67348343,BC,2398092,2.03,587657867,76669900,7878,4576,6867443
100273,200000273,1001,ATATYA,DRTDD,YYUYJGBB,CustomerStreet1,CustomerStreet2,Ccity,Cstate,34783,7483736768,67348343,BC,2398092,2.03,587657867,76669900,7878,4576,6867443
100274,200000274,1001,ATATYA,DRTDD,YYUYJGBB,CustomerStreet1,CustomerStreet2,Ccity,Cstate,34783,7483736769,67348343,BC,2398092,2.03,587657867,76669900,7878,4576,6867443
100275,200000275,1001,ATATYA,DRTDD,YYUYJGBB,CustomerStreet1,CustomerStreet2,Ccity,Cstate,34783,7483736770,67348343,BC,2398092,2.03,587657867,76669900,7878,4576,6867443
100276,200000276,1001,ATATYA,DRTDD,YYUYJGBB,CustomerStreet1,CustomerStreet2,Ccity,Cstate,34783,7483736771,67348343,BC,2398092,2.03,587657867,76669900,7878,4576,6867443
100277,200000277,1001,ATATYA,DRTDD,YYUYJGBB,CustomerStreet1,CustomerStreet2,Ccity,Cstate,34783,7483736772,67348343,BC,2398092,2.03,587657867,76669900,7878,4576,6867443
100278,200000278,1001,ATATYA,DRTDD,YYUYJGBB,CustomerStreet1,CustomerStreet2,Ccity,Cstate,34783,7483736773,67348343,BC,2398092,2.03,587657867,76669900,7878,4576,6867443
100279,200000279,1001,ATATYA,DRTDD,YYUYJGBB,CustomerStreet1,CustomerStreet2,Ccity,Cstate,34783,7483736774,67348343,BC,2398092,2.03,587657867,76669900,7878,4576,6867443
100280,200000280,1001,ATATYA,DRTDD,YYUYJGBB,CustomerStreet1,CustomerStreet2,Ccity,Cstate,34783,7483736775,67348343,BC,2398092,2.03,587657867,76669900,7878,4576,6867443
100281,200000281,1001,ATATYA,DRTDD,YYUYJGBB,CustomerStreet1,CustomerStreet2,Ccity,Cstate,34783,7483736776,67348343,BC,2398092,2.03,587657867,76669900,7878,4576,6867443
100282,200000282,1001,ATATYA,DRTDD,YYUYJGBB,CustomerStreet1,CustomerStreet2,Ccity,Cstate,34783,7483736777,67348343,BC,2398092,2.03,587657867,76669900,7878,4576,6867443
100283,200000283,1001,ATATYA,DRTDD,YYUYJGBB,CustomerStreet1,CustomerStreet2,Ccity,Cstate,34783,7483736778,67348343,BC,2398092,2.03,587657867,76669900,7878,4576,6867443
100284,200000284,1001,ATATYA,DRTDD,YYUYJGBB,CustomerStreet1,CustomerStreet2,Ccity,Cstate,34783,7483736779,67348343,BC,2398092,2.03,587657867,76669900,7878,4576,6867443
100285,200000285,1001,ATATYA,DRTDD,YYUYJGBB,CustomerStreet1,CustomerStreet2,Ccity,Cstate,34783,7483736780,67348343,BC,2398092,2.03,587657867,76669900,7878,4576,6867443
100286,200000286,1001,ATATYA,DRTDD,YYUYJGBB,CustomerStreet1,CustomerStreet2,Ccity,Cstate,34783,7483736781,67348343,BC,2398092,2.03,587657867,76669900,7878,4576,6867443
100287,200000287,1001,ATATYA,DRTDD,YYUYJGBB,CustomerStreet1,CustomerStreet2,Ccity,Cstate,34783,7483736782,67348343,BC,2398092,2.03,587657867,76669900,7878,4576,6867443
100288,200000288,1001,ATATYA,DRTDD,YYUYJGBB,CustomerStreet1,CustomerStreet2,Ccity,Cstate,34783,7483736783,67348343,BC,2398092,2.03,587657867,76669900,7878,4576,6867443
100289,200000289,1001,ATATYA,DRTDD,YYUYJGBB,CustomerStreet1,CustomerStreet2,Ccity,Cstate,34783,7483736784,67348343,BC,2398092,2.03,587657867,76669900,7878,4576,6867443
100290,200000290,1001,ATATYA,DRTDD,YYUYJGBB,CustomerStreet1,CustomerStreet2,Ccity,Cstate,34783,7483736785,67348343,BC,2398092,2.03,587657867,76669900,7878,4576,6867443
100291,200000291,1001,ATATYA,DRTDD,YYUYJGBB,CustomerStreet1,CustomerStreet2,Ccity,Cstate,34783,7483736786,67348343,BC,2398092,2.03,587657867,76669900,7878,4576,6867443
100292,200000292,1001,ATATYA,DRTDD,YYUYJGBB,CustomerStreet1,CustomerStreet2,Ccity,Cstate,34783,7483736787,67348343,BC,2398092,2.03,587657867,76669900,7878,4576,6867443
100293,200000293,1001,ATATYA,DRTDD,YYUYJGBB,CustomerStreet1,CustomerStreet2,Ccity,Cstate,34783,7483736788,67348343,BC,2398092,2.03,587657867,76669900,7878,4576,6867443
100294,200000294,1001,ATATYA,DRTDD,YYUYJGBB,CustomerStreet1,CustomerStreet2,Ccity,Cstate,34783,7483736789,67348343,BC,2398092,2.03,587657867,76669900,7878,4576,6867443
100295,200000295,1001,ATATYA,DRTDD,YYUYJGBB,CustomerStreet1,CustomerStreet2,Ccity,Cstate,34783,7483736790,67348343,BC,2398092,2.03,587657867,76669900,7878,4576,6867443
100296,200000296,1001,ATATYA,DRTDD,YYUYJGBB,CustomerStreet1,CustomerStreet2,Ccity,Cstate,34783,7483736791,67348343,BC,2398092,2.03,587657867,76669900,7878,4576,6867443
100297,200000297,1001,ATATYA,DRTDD,YYUYJGBB,CustomerStreet1,CustomerStreet2,Ccity,Cstate,34783,7483736792,67348343,BC,2398092,2.03,587657867,76669900,7878,4576,6867443
100298,200000298,1001,ATATYA,DRTDD,YYUYJGBB,CustomerStreet1,CustomerStreet2,Ccity,Cstate,34783,7483736793,67348343,BC,2398092,2.03,587657867,76669900,7878,4576,6867443
100299,200000299,1001,ATATYA,DRTDD,YYUYJGBB,CustomerStreet1,CustomerStreet2,Ccity,Cstate,34783,7483736794,67348343,BC,2398092,2.03,587657867,76669900,7878,4576,6867443
100300,200000300,1001,ATATYA,DRTDD,YYUYJGBB,CustomerStreet1,CustomerStreet2,Ccity,Cstate,34783,7483736795,67348343,BC,2398092,2.03,587657867,76669900,7878,4576,6867443
100301,200000301,1001,ATATYA,DRTDD,YYUYJGBB,CustomerStreet1,CustomerStreet2,Ccity,Cstate,34783,7483736796,67348343,BC,2398092,2.03,587657867,76669900,7878,4576,6867443
100302,200000302,1001,ATATYA,DRTDD,YYUYJGBB,CustomerStreet1,CustomerStreet2,Ccity,Cstate,34783,7483736797,67348343,BC,2398092,2.03,587657867,76669900,7878,4576,6867443
100303,200000303,1001,ATATYA,DRTDD,YYUYJGBB,CustomerStreet1,CustomerStreet2,Ccity,Cstate,34783,7483736798,67348343,BC,2398092,2.03,587657867,76669900,7878,4576,6867443
100304,200000304,1001,ATATYA,DRTDD,YYUYJGBB,CustomerStreet1,CustomerStreet2,Ccity,Cstate,34783,7483736799,67348343,BC,2398092,2.03,587657867,76669900,7878,4576,6867443
100305,200000305,1001,ATATYA,DRTDD,YYUYJGBB,CustomerStreet1,CustomerStreet2,Ccity,Cstate,34783,7483736800,67348343,BC,2398092,2.03,587657867,76669900,7878,4576,6867443
100306,200000306,1001,ATATYA,DRTDD,YYUYJGBB,CustomerStreet1,CustomerStreet2,Ccity,Cstate,34783,7483736801,67348343,BC,2398092,2.03,587657867,76669900,7878,4576,6867443
100307,200000307,1001,ATATYA,DRTDD,YYUYJGBB,CustomerStreet1,CustomerStreet2,Ccity,Cstate,34783,7483736802,67348343,BC,2398092,2.03,587657867,76669900,7878,4576,6867443
100308,200000308,1001,ATATYA,DRTDD,YYUYJGBB,CustomerStreet1,CustomerStreet2,Ccity,Cstate,34783,7483736803,67348343,BC,2398092,2.03,587657867,76669900,7878,4576,6867443
100309,200000309,1001,ATATYA,DRTDD,YYUYJGBB,CustomerStreet1,CustomerStreet2,Ccity,Cstate,34783,7483736804,67348343,BC,2398092,2.03,587657867,76669900,7878,4576,6867443
100310,200000310,1001,ATATYA,DRTDD,YYUYJGBB,CustomerStreet1,CustomerStreet2,Ccity,Cstate,34783,7483736805,67348343,BC,2398092,2.03,587657867,76669900,7878,4576,6867443
100311,200000311,1001,ATATYA,DRTDD,YYUYJGBB,CustomerStreet1,CustomerStreet2,Ccity,Cstate,34783,7483736806,67348343,BC,2398092,2.03,587657867,76669900,7878,4576,6867443
100312,200000312,1001,ATATYA,DRTDD,YYUYJGBB,CustomerStreet1,CustomerStreet2,Ccity,Cstate,34783,7483736807,67348343,BC,2398092,2.03,587657867,76669900,7878,4576,6867443
100313,200000313,1001,ATATYA,DRTDD,YYUYJGBB,CustomerStreet1,CustomerStreet2,Ccity,Cstate,34783,7483736808,67348343,BC,2398092,2.03,587657867,76669900,7878,4576,6867443
100314,200000314,1001,ATATYA,DRTDD,YYUYJGBB,CustomerStreet1,CustomerStreet2,Ccity,Cstate,34783,7483736809,67348343,BC,2398092,2.03,587657867,76669900,7878,4576,6867443
100315,200000315,1001,ATATYA,DRTDD,YYUYJGBB,CustomerStreet1,CustomerStreet2,Ccity,Cstate,34783,7483736810,67348343,BC,2398092,2.03,587657867,76669900,7878,4576,6867443
100316,200000316,1001,ATATYA,DRTDD,YYUYJGBB,CustomerStreet1,CustomerStreet2,Ccity,Cstate,34783,7483736811,67348343,BC,2398092,2.03,587657867,76669900,7878,4576,6867443
100317,200000317,1001,ATATYA,DRTDD,YYUYJGBB,CustomerStreet1,CustomerStreet2,Ccity,Cstate,34783,7483736812,67348343,BC,2398092,2.03,587657867,76669900,7878,4576,6867443
100318,200000318,1001,ATATYA,DRTDD,YYUYJGBB,CustomerStreet1,CustomerStreet2,Ccity,Cstate,34783,7483736813,67348343,BC,2398092,2.03,587657867,76669900,7878,4576,6867443
100319,200000319,1001,ATATYA,DRTDD,YYUYJGBB,CustomerStreet1,CustomerStreet2,Ccity,Cstate,34783,7483736814,67348343,BC,2398092,2.03,587657867,76669900,7878,4576,6867443
100320,200000320,1001,ATATYA,DRTDD,YYUYJGBB,CustomerStreet1,CustomerStreet2,Ccity,Cstate,34783,7483736815,67348343,BC,2398092,2.03,587657867,76669900,7878,4576,6867443
100321,200000321,1001,ATATYA,DRTDD,YYUYJGBB,CustomerStreet1,CustomerStreet2,Ccity,Cstate,34783,7483736816,67348343,BC,2398092,2.03,587657867,76669900,7878,4576,6867443
100322,200000322,1001,ATATYA,DRTDD,YYUYJGBB,CustomerStreet1,CustomerStreet2,Ccity,Cstate,34783,7483736817,67348343,BC,2398092,2.03,587657867,76669900,7878,4576,6867443
100323,200000323,1001,ATATYA,DRTDD,YYUYJGBB,CustomerStreet1,CustomerStreet2,Ccity,Cstate,34783,7483736818,67348343,BC,2398092,2.03,587657867,76669900,7878,4576,6867443
100324,200000324,1001,ATATYA,DRTDD,YYUYJGBB,CustomerStreet1,CustomerStreet2,Ccity,Cstate,34783,7483736819,67348343,BC,2398092,2.03,587657867,76669900,7878,4576,6867443
100325,200000325,1001,ATATYA,DRTDD,YYUYJGBB,CustomerStreet1,CustomerStreet2,Ccity,Cstate,34783,7483736820,67348343,BC,2398092,2.03,587657867,76669900,7878,4576,6867443
100326,200000326,1001,ATATYA,DRTDD,YYUYJGBB,CustomerStreet1,CustomerStreet2,Ccity,Cstate,34783,7483736821,67348343,BC,2398092,2.03,587657867,76669900,7878,4576,6867443
100327,200000327,1001,ATATYA,DRTDD,YYUYJGBB,CustomerStreet1,CustomerStreet2,Ccity,Cstate,34783,7483736822,67348343,BC,2398092,2.03,587657867,76669900,7878,4576,6867443
100328,200000328,1001,ATATYA,DRTDD,YYUYJGBB,CustomerStreet1,CustomerStreet2,Ccity,Cstate,34783,7483736823,67348343,BC,2398092,2.03,587657867,76669900,7878,4576,6867443
100329,200000329,1001,ATATYA,DRTDD,YYUYJGBB,CustomerStreet1,CustomerStreet2,Ccity,Cstate,34783,7483736824,67348343,BC,2398092,2.03,587657867,76669900,7878,4576,6867443
100330,200000330,1001,ATATYA,DRTDD,YYUYJGBB,CustomerStreet1,CustomerStreet2,Ccity,Cstate,34783,7483736825,67348343,BC,2398092,2.03,587657867,76669900,7878,4576,6867443
100331,200000331,1001,ATATYA,DRTDD,YYUYJGBB,CustomerStreet1,CustomerStreet2,Ccity,Cstate,34783,7483736826,67348343,BC,2398092,2.03,587657867,76669900,7878,4576,6867443
100332,200000332,1001,ATATYA,DRTDD,YYUYJGBB,CustomerStreet1,CustomerStreet2,Ccity,Cstate,34783,7483736827,67348343,BC,2398092,2.03,587657867,76669900,7878,4576,6867443
100333,200000333,1001,ATATYA,DRTDD,YYUYJGBB,CustomerStreet1,CustomerStreet2,Ccity,Cstate,34783,7483736828,67348343,BC,2398092,2.03,587657867,76669900,7878,4576,6867443
100334,200000334,1001,ATATYA,DRTDD,YYUYJGBB,CustomerStreet1,CustomerStreet2,Ccity,Cstate,34783,7483736829,67348343,BC,2398092,2.03,587657867,76669900,7878,4576,6867443
100335,200000335,1001,ATATYA,DRTDD,YYUYJGBB,CustomerStreet1,CustomerStreet2,Ccity,Cstate,34783,7483736830,67348343,BC,2398092,2.03,587657867,76669900,7878,4576,6867443
100336,200000336,1001,ATATYA,DRTDD,YYUYJGBB,CustomerStreet1,CustomerStreet2,Ccity,Cstate,34783,7483736831,67348343,BC,2398092,2.03,587657867,76669900,7878,4576,6867443
100337,200000337,1001,ATATYA,DRTDD,YYUYJGBB,CustomerStreet1,CustomerStreet2,Ccity,Cstate,34783,7483736832,67348343,BC,2398092,2.03,587657867,76669900,7878,4576,6867443
100338,200000338,1001,ATATYA,DRTDD,YYUYJGBB,CustomerStreet1,CustomerStreet2,Ccity,Cstate,34783,7483736833,67348343,BC,2398092,2.03,587657867,76669900,7878,4576,6867443
100339,200000339,1001,ATATYA,DRTDD,YYUYJGBB,CustomerStreet1,CustomerStreet2,Ccity,Cstate,34783,7483736834,67348343,BC,2398092,2.03,587657867,76669900,7878,4576,6867443
100340,200000340,1001,ATATYA,DRTDD,YYUYJGBB,CustomerStreet1,CustomerStreet2,Ccity,Cstate,34783,7483736835,67348343,BC,2398092,2.03,587657867,76669900,7878,4576,6867443
100341,200000341,1001,ATATYA,DRTDD,YYUYJGBB,CustomerStreet1,CustomerStreet2,Ccity,Cstate,34783,7483736836,67348343,BC,2398092,2.03,587657867,76669900,7878,4576,6867443
100342,200000342,1001,ATATYA,DRTDD,YYUYJGBB,CustomerStreet1,CustomerStreet2,Ccity,Cstate,34783,7483736837,67348343,BC,2398092,2.03,587657867,76669900,7878,4576,6867443
100343,200000343,1001,ATATYA,DRTDD,YYUYJGBB,CustomerStreet1,CustomerStreet2,Ccity,Cstate,34783,7483736838,67348343,BC,2398092,2.03,587657867,76669900,7878,4576,6867443
100344,200000344,1001,ATATYA,DRTDD,YYUYJGBB,CustomerStreet1,CustomerStreet2,Ccity,Cstate,34783,7483736839,67348343,BC,2398092,2.03,587657867,76669900,7878,4576,6867443
100345,200000345,1001,ATATYA,DRTDD,YYUYJGBB,CustomerStreet1,CustomerStreet2,Ccity,Cstate,34783,7483736840,67348343,BC,2398092,2.03,587657867,76669900,7878,4576,6867443
100346,200000346,1001,ATATYA,DRTDD,YYUYJGBB,CustomerStreet1,CustomerStreet2,Ccity,Cstate,34783,7483736841,67348343,BC,2398092,2.03,587657867,76669900,7878,4576,6867443
100347,200000347,1001,ATATYA,DRTDD,YYUYJGBB,CustomerStreet1,CustomerStreet2,Ccity,Cstate,34783,7483736842,67348343,BC,2398092,2.03,587657867,76669900,7878,4576,6867443
100348,200000348,1001,ATATYA,DRTDD,YYUYJGBB,CustomerStreet1,CustomerStreet2,Ccity,Cstate,34783,7483736843,67348343,BC,2398092,2.03,587657867,76669900,7878,4576,6867443
100349,200000349,1001,ATATYA,DRTDD,YYUYJGBB,CustomerStreet1,CustomerStreet2,Ccity,Cstate,34783,7483736844,67348343,BC,2398092,2.03,587657867,76669900,7878,4576,6867443
